access_mode,n,share
walk,8323,0.7504959422903517
pov,877,0.07908025247971145
bus,638,0.05752930568079351
other,398,0.03588818755635708
missing,374,0.03372407574391344
subway,321,0.028944995491433725
rail,159,0.014337240757439135
